[
  {
    "id": "rotterdam",
    "name": "Rotterdam",
    "country": "Netherlands",
    "lat": 51.95,
    "lon": 4.1,
    "region": "N.EUROPE",
    "basin": "ATLANTIC"
  },
  {
    "id": "antwerp",
    "name": "Antwerp",
    "country": "Belgium",
    "lat": 51.25,
    "lon": 4.4,
    "region": "N.EUROPE",
    "basin": "ATLANTIC"
  },
  {
    "id": "ghent",
    "name": "Ghent",
    "country": "Belgium",
    "lat": 51.1,
    "lon": 3.75,
    "region": "N.EUROPE",
    "basin": "ATLANTIC"
  },
  {
    "id": "amsterdam",
    "name": "Amsterdam",
    "country": "Netherlands",
    "lat": 52.4,
    "lon": 4.9,
    "region": "N.EUROPE",
    "basin": "ATLANTIC"
  },
  {
    "id": "hamburg",
    "name": "Hamburg",
    "country": "Germany",
    "lat": 53.55,
    "lon": 10.0,
    "region": "N.EUROPE",
    "basin": "ATLANTIC"
  },
  {
    "id": "bremen",
    "name": "Bremen",
    "country": "Germany",
    "lat": 53.083,
    "lon": 8.8,
    "region": "N.EUROPE",
    "basin": "ATLANTIC"
  },
  {
    "id": "brake",
    "name": "Brake",
    "country": "Germany",
    "lat": 53.333,
    "lon": 8.483,
    "region": "N.EUROPE",
    "basin": "ATLANTIC"
  },
  {
    "id": "dunkirk",
    "name": "Dunkirk",
    "country": "France",
    "lat": 51.033,
    "lon": 2.367,
    "region": "N.EUROPE",
    "basin": "ATLANTIC"
  },
  {
    "id": "rouen",
    "name": "Rouen",
    "country": "France",
    "lat": 49.433,
    "lon": 1.083,
    "region": "N.EUROPE",
    "basin": "ATLANTIC"
  },
  {
    "id": "la_pallice",
    "name": "La Pallice (La Rochelle)",
    "country": "France",
    "lat": 46.183,
    "lon": -1.233,
    "region": "N.EUROPE",
    "basin": "ATLANTIC"
  },
  {
    "id": "nantes",
    "name": "Nantes / St Nazaire",
    "country": "France",
    "lat": 47.283,
    "lon": -2.217,
    "region": "N.EUROPE",
    "basin": "ATLANTIC"
  },
  {
    "id": "bordeaux",
    "name": "Bordeaux",
    "country": "France",
    "lat": 44.85,
    "lon": -0.55,
    "region": "N.EUROPE",
    "basin": "ATLANTIC"
  },
  {
    "id": "immingham",
    "name": "Immingham",
    "country": "United Kingdom",
    "lat": 53.633,
    "lon": -0.183,
    "region": "N.EUROPE",
    "basin": "ATLANTIC"
  },
  {
    "id": "hull",
    "name": "Hull",
    "country": "United Kingdom",
    "lat": 53.733,
    "lon": -0.317,
    "region": "N.EUROPE",
    "basin": "ATLANTIC"
  },
  {
    "id": "tilbury",
    "name": "Tilbury / London",
    "country": "United Kingdom",
    "lat": 51.45,
    "lon": 0.367,
    "region": "N.EUROPE",
    "basin": "ATLANTIC"
  },
  {
    "id": "avonmouth",
    "name": "Avonmouth (Bristol)",
    "country": "United Kingdom",
    "lat": 51.5,
    "lon": -2.717,
    "region": "N.EUROPE",
    "basin": "ATLANTIC"
  },
  {
    "id": "dublin",
    "name": "Dublin",
    "country": "Ireland",
    "lat": 53.35,
    "lon": -6.217,
    "region": "N.EUROPE",
    "basin": "ATLANTIC"
  },
  {
    "id": "cork",
    "name": "Cork",
    "country": "Ireland",
    "lat": 51.9,
    "lon": -8.283,
    "region": "N.EUROPE",
    "basin": "ATLANTIC"
  },
  {
    "id": "ust_luga",
    "name": "Ust-Luga",
    "country": "Russia",
    "lat": 59.683,
    "lon": 28.333,
    "region": "BALTIC",
    "basin": "BALTIC"
  },
  {
    "id": "st_petersbg",
    "name": "St Petersburg",
    "country": "Russia",
    "lat": 59.933,
    "lon": 30.2,
    "region": "BALTIC",
    "basin": "BALTIC"
  },
  {
    "id": "ventspils",
    "name": "Ventspils",
    "country": "Latvia",
    "lat": 57.4,
    "lon": 21.533,
    "region": "BALTIC",
    "basin": "BALTIC"
  },
  {
    "id": "riga",
    "name": "Riga",
    "country": "Latvia",
    "lat": 57.017,
    "lon": 24.05,
    "region": "BALTIC",
    "basin": "BALTIC"
  },
  {
    "id": "tallinn",
    "name": "Tallinn",
    "country": "Estonia",
    "lat": 59.45,
    "lon": 24.75,
    "region": "BALTIC",
    "basin": "BALTIC"
  },
  {
    "id": "klaipeda",
    "name": "Klaipeda",
    "country": "Lithuania",
    "lat": 55.7,
    "lon": 21.1,
    "region": "BALTIC",
    "basin": "BALTIC"
  },
  {
    "id": "gdansk",
    "name": "Gdansk",
    "country": "Poland",
    "lat": 54.367,
    "lon": 18.667,
    "region": "BALTIC",
    "basin": "BALTIC"
  },
  {
    "id": "gdynia",
    "name": "Gdynia",
    "country": "Poland",
    "lat": 54.533,
    "lon": 18.55,
    "region": "BALTIC",
    "basin": "BALTIC"
  },
  {
    "id": "helsinki",
    "name": "Helsinki",
    "country": "Finland",
    "lat": 60.167,
    "lon": 24.967,
    "region": "BALTIC",
    "basin": "BALTIC"
  },
  {
    "id": "kotka",
    "name": "Kotka",
    "country": "Finland",
    "lat": 60.467,
    "lon": 26.95,
    "region": "BALTIC",
    "basin": "BALTIC"
  },
  {
    "id": "gothenburg",
    "name": "Gothenburg",
    "country": "Sweden",
    "lat": 57.7,
    "lon": 11.967,
    "region": "BALTIC",
    "basin": "BALTIC"
  },
  {
    "id": "oxelosund",
    "name": "Oxelosund",
    "country": "Sweden",
    "lat": 58.667,
    "lon": 17.1,
    "region": "BALTIC",
    "basin": "BALTIC"
  },
  {
    "id": "oslo",
    "name": "Oslo",
    "country": "Norway",
    "lat": 59.9,
    "lon": 10.75,
    "region": "N.EUROPE",
    "basin": "ATLANTIC"
  },
  {
    "id": "bergen",
    "name": "Bergen",
    "country": "Norway",
    "lat": 60.4,
    "lon": 5.317,
    "region": "N.EUROPE",
    "basin": "ATLANTIC"
  },
  {
    "id": "bilbao",
    "name": "Bilbao",
    "country": "Spain",
    "lat": 43.35,
    "lon": -3.05,
    "region": "W.MED",
    "basin": "ATLANTIC"
  },
  {
    "id": "gijon",
    "name": "Gijon",
    "country": "Spain",
    "lat": 43.55,
    "lon": -5.7,
    "region": "W.MED",
    "basin": "ATLANTIC"
  },
  {
    "id": "ferrol",
    "name": "Ferrol",
    "country": "Spain",
    "lat": 43.483,
    "lon": -8.217,
    "region": "W.MED",
    "basin": "ATLANTIC"
  },
  {
    "id": "huelva",
    "name": "Huelva",
    "country": "Spain",
    "lat": 37.233,
    "lon": -6.933,
    "region": "W.MED",
    "basin": "ATLANTIC"
  },
  {
    "id": "cartagena_es",
    "name": "Cartagena (Spain)",
    "country": "Spain",
    "lat": 37.6,
    "lon": -0.983,
    "region": "W.MED",
    "basin": "MED"
  },
  {
    "id": "barcelona",
    "name": "Barcelona",
    "country": "Spain",
    "lat": 41.367,
    "lon": 2.167,
    "region": "W.MED",
    "basin": "MED"
  },
  {
    "id": "lisbon",
    "name": "Lisbon",
    "country": "Portugal",
    "lat": 38.7,
    "lon": -9.133,
    "region": "W.MED",
    "basin": "ATLANTIC"
  },
  {
    "id": "setubal",
    "name": "Setubal",
    "country": "Portugal",
    "lat": 38.517,
    "lon": -8.9,
    "region": "W.MED",
    "basin": "ATLANTIC"
  },
  {
    "id": "sines",
    "name": "Sines",
    "country": "Portugal",
    "lat": 37.95,
    "lon": -8.867,
    "region": "W.MED",
    "basin": "ATLANTIC"
  },
  {
    "id": "genoa",
    "name": "Genoa",
    "country": "Italy",
    "lat": 44.4,
    "lon": 8.933,
    "region": "W.MED",
    "basin": "MED"
  },
  {
    "id": "la_spezia",
    "name": "La Spezia",
    "country": "Italy",
    "lat": 44.1,
    "lon": 9.833,
    "region": "W.MED",
    "basin": "MED"
  },
  {
    "id": "ravenna",
    "name": "Ravenna",
    "country": "Italy",
    "lat": 44.467,
    "lon": 12.233,
    "region": "W.MED",
    "basin": "MED"
  },
  {
    "id": "taranto",
    "name": "Taranto",
    "country": "Italy",
    "lat": 40.467,
    "lon": 17.217,
    "region": "W.MED",
    "basin": "MED"
  },
  {
    "id": "marseille",
    "name": "Marseille",
    "country": "France",
    "lat": 43.3,
    "lon": 5.367,
    "region": "W.MED",
    "basin": "MED"
  },
  {
    "id": "fos",
    "name": "Fos-sur-Mer",
    "country": "France",
    "lat": 43.433,
    "lon": 4.917,
    "region": "W.MED",
    "basin": "MED"
  },
  {
    "id": "algiers",
    "name": "Algiers",
    "country": "Algeria",
    "lat": 36.767,
    "lon": 3.05,
    "region": "W.MED",
    "basin": "MED"
  },
  {
    "id": "annaba",
    "name": "Annaba",
    "country": "Algeria",
    "lat": 36.9,
    "lon": 7.767,
    "region": "W.MED",
    "basin": "MED"
  },
  {
    "id": "oran",
    "name": "Oran",
    "country": "Algeria",
    "lat": 35.7,
    "lon": -0.633,
    "region": "W.MED",
    "basin": "MED"
  },
  {
    "id": "casablanca",
    "name": "Casablanca",
    "country": "Morocco",
    "lat": 33.6,
    "lon": -7.617,
    "region": "W.MED",
    "basin": "ATLANTIC"
  },
  {
    "id": "mohammedia",
    "name": "Mohammedia",
    "country": "Morocco",
    "lat": 33.733,
    "lon": -7.383,
    "region": "W.MED",
    "basin": "ATLANTIC"
  },
  {
    "id": "jorf_lasfar",
    "name": "Jorf Lasfar",
    "country": "Morocco",
    "lat": 33.117,
    "lon": -8.633,
    "region": "W.MED",
    "basin": "ATLANTIC"
  },
  {
    "id": "piraeus",
    "name": "Piraeus",
    "country": "Greece",
    "lat": 37.933,
    "lon": 23.633,
    "region": "E.MED",
    "basin": "MED"
  },
  {
    "id": "thessaloniki",
    "name": "Thessaloniki",
    "country": "Greece",
    "lat": 40.633,
    "lon": 22.933,
    "region": "E.MED",
    "basin": "MED"
  },
  {
    "id": "volos",
    "name": "Volos",
    "country": "Greece",
    "lat": 39.367,
    "lon": 22.95,
    "region": "E.MED",
    "basin": "MED"
  },
  {
    "id": "istanbul",
    "name": "Istanbul",
    "country": "Turkey",
    "lat": 41.017,
    "lon": 28.967,
    "region": "E.MED",
    "basin": "MED"
  },
  {
    "id": "izmir",
    "name": "Izmir",
    "country": "Turkey",
    "lat": 38.433,
    "lon": 27.15,
    "region": "E.MED",
    "basin": "MED"
  },
  {
    "id": "iskenderun",
    "name": "Iskenderun",
    "country": "Turkey",
    "lat": 36.583,
    "lon": 36.167,
    "region": "E.MED",
    "basin": "MED"
  },
  {
    "id": "mersin",
    "name": "Mersin",
    "country": "Turkey",
    "lat": 36.8,
    "lon": 34.633,
    "region": "E.MED",
    "basin": "MED"
  },
  {
    "id": "port_said",
    "name": "Port Said",
    "country": "Egypt",
    "lat": 31.267,
    "lon": 32.3,
    "region": "E.MED",
    "basin": "MED"
  },
  {
    "id": "alexandria",
    "name": "Alexandria",
    "country": "Egypt",
    "lat": 31.2,
    "lon": 29.867,
    "region": "E.MED",
    "basin": "MED"
  },
  {
    "id": "limassol",
    "name": "Limassol",
    "country": "Cyprus",
    "lat": 34.683,
    "lon": 33.05,
    "region": "E.MED",
    "basin": "MED"
  },
  {
    "id": "novorossiysk",
    "name": "Novorossiysk",
    "country": "Russia",
    "lat": 44.717,
    "lon": 37.8,
    "region": "BLACK SEA",
    "basin": "BLACK"
  },
  {
    "id": "tuapse",
    "name": "Tuapse",
    "country": "Russia",
    "lat": 44.1,
    "lon": 39.083,
    "region": "BLACK SEA",
    "basin": "BLACK"
  },
  {
    "id": "odessa",
    "name": "Odessa",
    "country": "Ukraine",
    "lat": 46.483,
    "lon": 30.733,
    "region": "BLACK SEA",
    "basin": "BLACK"
  },
  {
    "id": "mykolaiv",
    "name": "Mykolaiv",
    "country": "Ukraine",
    "lat": 46.967,
    "lon": 32.0,
    "region": "BLACK SEA",
    "basin": "BLACK"
  },
  {
    "id": "yuzhne",
    "name": "Yuzhne",
    "country": "Ukraine",
    "lat": 46.633,
    "lon": 31.133,
    "region": "BLACK SEA",
    "basin": "BLACK"
  },
  {
    "id": "constanta",
    "name": "Constanta",
    "country": "Romania",
    "lat": 44.167,
    "lon": 28.667,
    "region": "BLACK SEA",
    "basin": "BLACK"
  },
  {
    "id": "varna",
    "name": "Varna",
    "country": "Bulgaria",
    "lat": 43.2,
    "lon": 27.917,
    "region": "BLACK SEA",
    "basin": "BLACK"
  },
  {
    "id": "new_york",
    "name": "New York / New Jersey",
    "country": "United States",
    "lat": 40.667,
    "lon": -74.05,
    "region": "US EAST COAST",
    "basin": "ATLANTIC"
  },
  {
    "id": "baltimore",
    "name": "Baltimore",
    "country": "United States",
    "lat": 39.267,
    "lon": -76.583,
    "region": "US EAST COAST",
    "basin": "ATLANTIC"
  },
  {
    "id": "norfolk",
    "name": "Norfolk / Hampton Roads",
    "country": "United States",
    "lat": 36.9,
    "lon": -76.3,
    "region": "US EAST COAST",
    "basin": "ATLANTIC"
  },
  {
    "id": "wilmington_nc",
    "name": "Wilmington NC",
    "country": "United States",
    "lat": 34.233,
    "lon": -77.95,
    "region": "US EAST COAST",
    "basin": "ATLANTIC"
  },
  {
    "id": "savannah",
    "name": "Savannah",
    "country": "United States",
    "lat": 32.083,
    "lon": -81.1,
    "region": "US EAST COAST",
    "basin": "ATLANTIC"
  },
  {
    "id": "new_orleans",
    "name": "New Orleans",
    "country": "United States",
    "lat": 29.95,
    "lon": -90.067,
    "region": "US GULF",
    "basin": "ATLANTIC"
  },
  {
    "id": "houston",
    "name": "Houston",
    "country": "United States",
    "lat": 29.75,
    "lon": -95.367,
    "region": "US GULF",
    "basin": "ATLANTIC"
  },
  {
    "id": "beaumont",
    "name": "Beaumont",
    "country": "United States",
    "lat": 30.083,
    "lon": -94.1,
    "region": "US GULF",
    "basin": "ATLANTIC"
  },
  {
    "id": "baton_rouge",
    "name": "Baton Rouge",
    "country": "United States",
    "lat": 30.45,
    "lon": -91.15,
    "region": "US GULF",
    "basin": "ATLANTIC"
  },
  {
    "id": "st_charles",
    "name": "St Charles (Convent)",
    "country": "United States",
    "lat": 29.983,
    "lon": -90.483,
    "region": "US GULF",
    "basin": "ATLANTIC"
  },
  {
    "id": "mobile",
    "name": "Mobile",
    "country": "United States",
    "lat": 30.7,
    "lon": -88.033,
    "region": "US GULF",
    "basin": "ATLANTIC"
  },
  {
    "id": "pensacola",
    "name": "Pensacola",
    "country": "United States",
    "lat": 30.4,
    "lon": -87.217,
    "region": "US GULF",
    "basin": "ATLANTIC"
  },
  {
    "id": "corpus_christi",
    "name": "Corpus Christi",
    "country": "United States",
    "lat": 27.8,
    "lon": -97.4,
    "region": "US GULF",
    "basin": "ATLANTIC"
  },
  {
    "id": "montreal",
    "name": "Montreal",
    "country": "Canada",
    "lat": 45.567,
    "lon": -73.55,
    "region": "E.N.AMERICA",
    "basin": "ATLANTIC"
  },
  {
    "id": "quebec",
    "name": "Quebec City",
    "country": "Canada",
    "lat": 46.817,
    "lon": -71.2,
    "region": "E.N.AMERICA",
    "basin": "ATLANTIC"
  },
  {
    "id": "sept_iles",
    "name": "Sept-Iles",
    "country": "Canada",
    "lat": 50.2,
    "lon": -66.367,
    "region": "E.N.AMERICA",
    "basin": "ATLANTIC"
  },
  {
    "id": "halifax",
    "name": "Halifax",
    "country": "Canada",
    "lat": 44.65,
    "lon": -63.583,
    "region": "E.N.AMERICA",
    "basin": "ATLANTIC"
  },
  {
    "id": "santos",
    "name": "Santos",
    "country": "Brazil",
    "lat": -23.95,
    "lon": -46.3,
    "region": "E.S.AMERICA",
    "basin": "ATLANTIC"
  },
  {
    "id": "paranagua",
    "name": "Paranagua",
    "country": "Brazil",
    "lat": -25.5,
    "lon": -48.533,
    "region": "E.S.AMERICA",
    "basin": "ATLANTIC"
  },
  {
    "id": "rio_grande",
    "name": "Rio Grande",
    "country": "Brazil",
    "lat": -32.033,
    "lon": -52.1,
    "region": "E.S.AMERICA",
    "basin": "ATLANTIC"
  },
  {
    "id": "tubarao",
    "name": "Tubarao",
    "country": "Brazil",
    "lat": -20.283,
    "lon": -40.233,
    "region": "E.S.AMERICA",
    "basin": "ATLANTIC"
  },
  {
    "id": "ponta_ubu",
    "name": "Ponta Ubu",
    "country": "Brazil",
    "lat": -20.783,
    "lon": -40.567,
    "region": "E.S.AMERICA",
    "basin": "ATLANTIC"
  },
  {
    "id": "guaiba",
    "name": "Guaiba Island",
    "country": "Brazil",
    "lat": -22.9,
    "lon": -43.117,
    "region": "E.S.AMERICA",
    "basin": "ATLANTIC"
  },
  {
    "id": "itaqui",
    "name": "Itaqui (Sao Luis)",
    "country": "Brazil",
    "lat": -2.567,
    "lon": -44.367,
    "region": "E.S.AMERICA",
    "basin": "ATLANTIC"
  },
  {
    "id": "fortaleza",
    "name": "Fortaleza",
    "country": "Brazil",
    "lat": -3.683,
    "lon": -38.467,
    "region": "E.S.AMERICA",
    "basin": "ATLANTIC"
  },
  {
    "id": "recife",
    "name": "Recife",
    "country": "Brazil",
    "lat": -8.067,
    "lon": -34.867,
    "region": "E.S.AMERICA",
    "basin": "ATLANTIC"
  },
  {
    "id": "salvador",
    "name": "Salvador (Bahia)",
    "country": "Brazil",
    "lat": -12.967,
    "lon": -38.517,
    "region": "E.S.AMERICA",
    "basin": "ATLANTIC"
  },
  {
    "id": "vitoria",
    "name": "Vitoria",
    "country": "Brazil",
    "lat": -20.317,
    "lon": -40.317,
    "region": "E.S.AMERICA",
    "basin": "ATLANTIC"
  },
  {
    "id": "rosario",
    "name": "Rosario",
    "country": "Argentina",
    "lat": -32.933,
    "lon": -60.633,
    "region": "E.S.AMERICA",
    "basin": "ATLANTIC"
  },
  {
    "id": "buenos_aires",
    "name": "Buenos Aires",
    "country": "Argentina",
    "lat": -34.6,
    "lon": -58.367,
    "region": "E.S.AMERICA",
    "basin": "ATLANTIC"
  },
  {
    "id": "bahia_blanca",
    "name": "Bahia Blanca",
    "country": "Argentina",
    "lat": -38.717,
    "lon": -62.267,
    "region": "E.S.AMERICA",
    "basin": "ATLANTIC"
  },
  {
    "id": "necochea",
    "name": "Necochea (Quequen)",
    "country": "Argentina",
    "lat": -38.567,
    "lon": -58.733,
    "region": "E.S.AMERICA",
    "basin": "ATLANTIC"
  },
  {
    "id": "nueva_palmira",
    "name": "Nueva Palmira",
    "country": "Uruguay",
    "lat": -33.883,
    "lon": -58.4,
    "region": "E.S.AMERICA",
    "basin": "ATLANTIC"
  },
  {
    "id": "montevideo",
    "name": "Montevideo",
    "country": "Uruguay",
    "lat": -34.9,
    "lon": -56.25,
    "region": "E.S.AMERICA",
    "basin": "ATLANTIC"
  },
  {
    "id": "barranquilla",
    "name": "Barranquilla",
    "country": "Colombia",
    "lat": 11.0,
    "lon": -74.8,
    "region": "N.S.AMERICA",
    "basin": "ATLANTIC"
  },
  {
    "id": "cartagena_co",
    "name": "Cartagena (Colombia)",
    "country": "Colombia",
    "lat": 10.4,
    "lon": -75.517,
    "region": "N.S.AMERICA",
    "basin": "ATLANTIC"
  },
  {
    "id": "pto_bolivar",
    "name": "Puerto Bolivar",
    "country": "Colombia",
    "lat": 12.233,
    "lon": -71.967,
    "region": "N.S.AMERICA",
    "basin": "ATLANTIC"
  },
  {
    "id": "maracaibo",
    "name": "Maracaibo",
    "country": "Venezuela",
    "lat": 10.633,
    "lon": -71.633,
    "region": "N.S.AMERICA",
    "basin": "ATLANTIC"
  },
  {
    "id": "la_guaira",
    "name": "La Guaira",
    "country": "Venezuela",
    "lat": 10.6,
    "lon": -66.933,
    "region": "N.S.AMERICA",
    "basin": "ATLANTIC"
  },
  {
    "id": "guanta",
    "name": "Guanta",
    "country": "Venezuela",
    "lat": 10.233,
    "lon": -64.583,
    "region": "N.S.AMERICA",
    "basin": "ATLANTIC"
  },
  {
    "id": "callao",
    "name": "Callao (Lima)",
    "country": "Peru",
    "lat": -12.05,
    "lon": -77.15,
    "region": "W.S.AMERICA",
    "basin": "PACIFIC"
  },
  {
    "id": "ilo",
    "name": "Ilo",
    "country": "Peru",
    "lat": -17.65,
    "lon": -71.367,
    "region": "W.S.AMERICA",
    "basin": "PACIFIC"
  },
  {
    "id": "guayaquil",
    "name": "Guayaquil",
    "country": "Ecuador",
    "lat": -2.233,
    "lon": -79.9,
    "region": "W.S.AMERICA",
    "basin": "PACIFIC"
  },
  {
    "id": "puerto_cabello",
    "name": "Puerto Cabello",
    "country": "Venezuela",
    "lat": 10.483,
    "lon": -68.017,
    "region": "CARIBBEAN",
    "basin": "ATLANTIC"
  },
  {
    "id": "kingston",
    "name": "Kingston",
    "country": "Jamaica",
    "lat": 17.967,
    "lon": -76.783,
    "region": "CARIBBEAN",
    "basin": "ATLANTIC"
  },
  {
    "id": "colon",
    "name": "Colon",
    "country": "Panama",
    "lat": 9.367,
    "lon": -79.9,
    "region": "CARIBBEAN",
    "basin": "ATLANTIC"
  },
  {
    "id": "santo_domingo",
    "name": "Santo Domingo",
    "country": "Dominican Republic",
    "lat": 18.467,
    "lon": -69.9,
    "region": "CARIBBEAN",
    "basin": "ATLANTIC"
  },
  {
    "id": "veracruz",
    "name": "Veracruz",
    "country": "Mexico",
    "lat": 19.2,
    "lon": -96.133,
    "region": "MEXICO",
    "basin": "ATLANTIC"
  },
  {
    "id": "coatzacoalcos",
    "name": "Coatzacoalcos",
    "country": "Mexico",
    "lat": 18.15,
    "lon": -94.433,
    "region": "MEXICO",
    "basin": "ATLANTIC"
  },
  {
    "id": "altamira",
    "name": "Altamira",
    "country": "Mexico",
    "lat": 22.4,
    "lon": -97.917,
    "region": "MEXICO",
    "basin": "ATLANTIC"
  },
  {
    "id": "manzanillo_mx",
    "name": "Manzanillo (Mexico)",
    "country": "Mexico",
    "lat": 19.05,
    "lon": -104.317,
    "region": "MEXICO",
    "basin": "PACIFIC"
  },
  {
    "id": "dakar",
    "name": "Dakar",
    "country": "Senegal",
    "lat": 14.683,
    "lon": -17.433,
    "region": "W.AFRICA",
    "basin": "ATLANTIC"
  },
  {
    "id": "abidjan",
    "name": "Abidjan",
    "country": "Cote D'Ivoire",
    "lat": 5.267,
    "lon": -4.0,
    "region": "W.AFRICA",
    "basin": "ATLANTIC"
  },
  {
    "id": "tema",
    "name": "Tema (Accra)",
    "country": "Ghana",
    "lat": 5.617,
    "lon": -0.017,
    "region": "W.AFRICA",
    "basin": "ATLANTIC"
  },
  {
    "id": "lome",
    "name": "Lome",
    "country": "Togo",
    "lat": 6.133,
    "lon": 1.267,
    "region": "W.AFRICA",
    "basin": "ATLANTIC"
  },
  {
    "id": "cotonou",
    "name": "Cotonou",
    "country": "Benin",
    "lat": 6.367,
    "lon": 2.433,
    "region": "W.AFRICA",
    "basin": "ATLANTIC"
  },
  {
    "id": "lagos",
    "name": "Lagos (Apapa)",
    "country": "Nigeria",
    "lat": 6.45,
    "lon": 3.383,
    "region": "W.AFRICA",
    "basin": "ATLANTIC"
  },
  {
    "id": "warri",
    "name": "Warri",
    "country": "Nigeria",
    "lat": 5.517,
    "lon": 5.75,
    "region": "W.AFRICA",
    "basin": "ATLANTIC"
  },
  {
    "id": "port_harcourt",
    "name": "Port Harcourt",
    "country": "Nigeria",
    "lat": 4.767,
    "lon": 7.017,
    "region": "W.AFRICA",
    "basin": "ATLANTIC"
  },
  {
    "id": "douala",
    "name": "Douala",
    "country": "Cameroon",
    "lat": 4.05,
    "lon": 9.7,
    "region": "W.AFRICA",
    "basin": "ATLANTIC"
  },
  {
    "id": "libreville",
    "name": "Libreville",
    "country": "Gabon",
    "lat": 0.383,
    "lon": 9.45,
    "region": "W.AFRICA",
    "basin": "ATLANTIC"
  },
  {
    "id": "owendo",
    "name": "Owendo",
    "country": "Gabon",
    "lat": 0.283,
    "lon": 9.5,
    "region": "W.AFRICA",
    "basin": "ATLANTIC"
  },
  {
    "id": "pointe_noire",
    "name": "Pointe Noire",
    "country": "Congo (Brazzaville)",
    "lat": -4.783,
    "lon": 11.833,
    "region": "W.AFRICA",
    "basin": "ATLANTIC"
  },
  {
    "id": "lobito",
    "name": "Lobito",
    "country": "Angola",
    "lat": -12.317,
    "lon": 13.533,
    "region": "W.AFRICA",
    "basin": "ATLANTIC"
  },
  {
    "id": "luanda",
    "name": "Luanda",
    "country": "Angola",
    "lat": -8.817,
    "lon": 13.233,
    "region": "W.AFRICA",
    "basin": "ATLANTIC"
  },
  {
    "id": "richards_bay",
    "name": "Richards Bay",
    "country": "South Africa",
    "lat": -28.8,
    "lon": 32.067,
    "region": "S.AFRICA",
    "basin": "INDIAN"
  },
  {
    "id": "durban",
    "name": "Durban",
    "country": "South Africa",
    "lat": -29.867,
    "lon": 31.033,
    "region": "S.AFRICA",
    "basin": "INDIAN"
  },
  {
    "id": "cape_town",
    "name": "Cape Town",
    "country": "South Africa",
    "lat": -33.917,
    "lon": 18.433,
    "region": "S.AFRICA",
    "basin": "ATLANTIC"
  },
  {
    "id": "port_elizabeth",
    "name": "Port Elizabeth (Gqeberha)",
    "country": "South Africa",
    "lat": -33.967,
    "lon": 25.633,
    "region": "S.AFRICA",
    "basin": "INDIAN"
  },
  {
    "id": "saldanha",
    "name": "Saldanha Bay",
    "country": "South Africa",
    "lat": -33.017,
    "lon": 17.967,
    "region": "S.AFRICA",
    "basin": "ATLANTIC"
  },
  {
    "id": "mombasa",
    "name": "Mombasa",
    "country": "Kenya",
    "lat": -4.067,
    "lon": 39.667,
    "region": "E.AFRICA",
    "basin": "INDIAN"
  },
  {
    "id": "dar_es_salaam",
    "name": "Dar es Salaam",
    "country": "Tanzania",
    "lat": -6.817,
    "lon": 39.3,
    "region": "E.AFRICA",
    "basin": "INDIAN"
  },
  {
    "id": "beira",
    "name": "Beira",
    "country": "Mozambique",
    "lat": -19.817,
    "lon": 34.85,
    "region": "E.AFRICA",
    "basin": "INDIAN"
  },
  {
    "id": "maputo",
    "name": "Maputo",
    "country": "Mozambique",
    "lat": -25.967,
    "lon": 32.583,
    "region": "E.AFRICA",
    "basin": "INDIAN"
  },
  {
    "id": "nacala",
    "name": "Nacala",
    "country": "Mozambique",
    "lat": -14.533,
    "lon": 40.683,
    "region": "E.AFRICA",
    "basin": "INDIAN"
  },
  {
    "id": "jeddah",
    "name": "Jeddah",
    "country": "Saudi Arabia",
    "lat": 21.467,
    "lon": 39.167,
    "region": "RED SEA",
    "basin": "INDIAN"
  },
  {
    "id": "yanbu",
    "name": "Yanbu",
    "country": "Saudi Arabia",
    "lat": 24.083,
    "lon": 38.05,
    "region": "RED SEA",
    "basin": "INDIAN"
  },
  {
    "id": "aqaba",
    "name": "Aqaba",
    "country": "Jordan",
    "lat": 29.517,
    "lon": 35.0,
    "region": "RED SEA",
    "basin": "INDIAN"
  },
  {
    "id": "suez",
    "name": "Suez",
    "country": "Egypt",
    "lat": 29.967,
    "lon": 32.55,
    "region": "RED SEA",
    "basin": "INDIAN"
  },
  {
    "id": "djibouti",
    "name": "Djibouti",
    "country": "Djibouti",
    "lat": 11.6,
    "lon": 43.15,
    "region": "RED SEA",
    "basin": "INDIAN"
  },
  {
    "id": "port_sudan",
    "name": "Port Sudan",
    "country": "Sudan",
    "lat": 19.617,
    "lon": 37.217,
    "region": "RED SEA",
    "basin": "INDIAN"
  },
  {
    "id": "muscat",
    "name": "Muscat",
    "country": "Oman",
    "lat": 23.633,
    "lon": 58.6,
    "region": "MIDDLE EAST",
    "basin": "INDIAN"
  },
  {
    "id": "sohar",
    "name": "Sohar",
    "country": "Oman",
    "lat": 24.35,
    "lon": 56.65,
    "region": "MIDDLE EAST",
    "basin": "INDIAN"
  },
  {
    "id": "salalah",
    "name": "Salalah",
    "country": "Oman",
    "lat": 16.933,
    "lon": 54.0,
    "region": "MIDDLE EAST",
    "basin": "INDIAN"
  },
  {
    "id": "dubai",
    "name": "Dubai (Jebel Ali)",
    "country": "United Arab Emirates",
    "lat": 25.017,
    "lon": 55.067,
    "region": "MIDDLE EAST",
    "basin": "INDIAN"
  },
  {
    "id": "abu_dhabi",
    "name": "Abu Dhabi (Mina Zayed)",
    "country": "United Arab Emirates",
    "lat": 24.483,
    "lon": 54.383,
    "region": "MIDDLE EAST",
    "basin": "INDIAN"
  },
  {
    "id": "kuwait",
    "name": "Kuwait City",
    "country": "Kuwait",
    "lat": 29.367,
    "lon": 47.967,
    "region": "MIDDLE EAST",
    "basin": "INDIAN"
  },
  {
    "id": "basra",
    "name": "Basra (Umm Qasr)",
    "country": "Iraq",
    "lat": 29.983,
    "lon": 48.767,
    "region": "MIDDLE EAST",
    "basin": "INDIAN"
  },
  {
    "id": "bandar_abbas",
    "name": "Bandar Abbas",
    "country": "Iran",
    "lat": 27.183,
    "lon": 56.267,
    "region": "MIDDLE EAST",
    "basin": "INDIAN"
  },
  {
    "id": "karachi",
    "name": "Karachi",
    "country": "Pakistan",
    "lat": 24.833,
    "lon": 67.0,
    "region": "W.INDIA",
    "basin": "INDIAN"
  },
  {
    "id": "mundra",
    "name": "Mundra",
    "country": "India",
    "lat": 22.833,
    "lon": 69.717,
    "region": "W.INDIA",
    "basin": "INDIAN"
  },
  {
    "id": "kandla",
    "name": "Kandla",
    "country": "India",
    "lat": 23.017,
    "lon": 70.217,
    "region": "W.INDIA",
    "basin": "INDIAN"
  },
  {
    "id": "pipavav",
    "name": "Pipavav",
    "country": "India",
    "lat": 20.917,
    "lon": 71.533,
    "region": "W.INDIA",
    "basin": "INDIAN"
  },
  {
    "id": "nhava_sheva",
    "name": "Nhava Sheva (Mumbai)",
    "country": "India",
    "lat": 18.95,
    "lon": 72.95,
    "region": "W.INDIA",
    "basin": "INDIAN"
  },
  {
    "id": "mormugao",
    "name": "Mormugao",
    "country": "India",
    "lat": 15.4,
    "lon": 73.8,
    "region": "W.INDIA",
    "basin": "INDIAN"
  },
  {
    "id": "new_mangalore",
    "name": "New Mangalore",
    "country": "India",
    "lat": 12.917,
    "lon": 74.817,
    "region": "W.INDIA",
    "basin": "INDIAN"
  },
  {
    "id": "cochin",
    "name": "Cochin",
    "country": "India",
    "lat": 9.967,
    "lon": 76.267,
    "region": "W.INDIA",
    "basin": "INDIAN"
  },
  {
    "id": "tuticorin",
    "name": "Tuticorin",
    "country": "India",
    "lat": 8.767,
    "lon": 78.133,
    "region": "S.INDIA",
    "basin": "INDIAN"
  },
  {
    "id": "colombo",
    "name": "Colombo",
    "country": "Sri Lanka",
    "lat": 6.95,
    "lon": 79.85,
    "region": "S.INDIA",
    "basin": "INDIAN"
  },
  {
    "id": "chennai",
    "name": "Chennai (Madras)",
    "country": "India",
    "lat": 13.1,
    "lon": 80.3,
    "region": "E.INDIA",
    "basin": "INDIAN"
  },
  {
    "id": "kamarajar",
    "name": "Kamarajar (Ennore)",
    "country": "India",
    "lat": 13.217,
    "lon": 80.317,
    "region": "E.INDIA",
    "basin": "INDIAN"
  },
  {
    "id": "vishakhapatnam",
    "name": "Vishakhapatnam",
    "country": "India",
    "lat": 17.683,
    "lon": 83.283,
    "region": "E.INDIA",
    "basin": "INDIAN"
  },
  {
    "id": "gangavaram",
    "name": "Gangavaram",
    "country": "India",
    "lat": 17.617,
    "lon": 83.233,
    "region": "E.INDIA",
    "basin": "INDIAN"
  },
  {
    "id": "paradip",
    "name": "Paradip",
    "country": "India",
    "lat": 20.317,
    "lon": 86.617,
    "region": "E.INDIA",
    "basin": "INDIAN"
  },
  {
    "id": "haldia",
    "name": "Haldia",
    "country": "India",
    "lat": 22.033,
    "lon": 88.1,
    "region": "E.INDIA",
    "basin": "INDIAN"
  },
  {
    "id": "chittagong",
    "name": "Chittagong",
    "country": "Bangladesh",
    "lat": 22.333,
    "lon": 91.817,
    "region": "E.INDIA",
    "basin": "INDIAN"
  },
  {
    "id": "singapore",
    "name": "Singapore",
    "country": "Singapore",
    "lat": 1.267,
    "lon": 103.817,
    "region": "SE.ASIA",
    "basin": "PACIFIC"
  },
  {
    "id": "port_klang",
    "name": "Port Klang",
    "country": "Malaysia",
    "lat": 3.0,
    "lon": 101.367,
    "region": "SE.ASIA",
    "basin": "PACIFIC"
  },
  {
    "id": "penang",
    "name": "Penang",
    "country": "Malaysia",
    "lat": 5.417,
    "lon": 100.333,
    "region": "SE.ASIA",
    "basin": "PACIFIC"
  },
  {
    "id": "kuantan",
    "name": "Kuantan",
    "country": "Malaysia",
    "lat": 3.983,
    "lon": 103.433,
    "region": "SE.ASIA",
    "basin": "PACIFIC"
  },
  {
    "id": "jakarta",
    "name": "Jakarta (Tanjung Priok)",
    "country": "Indonesia",
    "lat": -6.1,
    "lon": 106.883,
    "region": "SE.ASIA",
    "basin": "PACIFIC"
  },
  {
    "id": "surabaya",
    "name": "Surabaya",
    "country": "Indonesia",
    "lat": -7.2,
    "lon": 112.733,
    "region": "SE.ASIA",
    "basin": "PACIFIC"
  },
  {
    "id": "banjarmasin",
    "name": "Banjarmasin",
    "country": "Indonesia",
    "lat": -3.317,
    "lon": 114.583,
    "region": "SE.ASIA",
    "basin": "PACIFIC"
  },
  {
    "id": "balikpapan",
    "name": "Balikpapan",
    "country": "Indonesia",
    "lat": -1.267,
    "lon": 116.833,
    "region": "SE.ASIA",
    "basin": "PACIFIC"
  },
  {
    "id": "samarinda",
    "name": "Samarinda",
    "country": "Indonesia",
    "lat": -0.5,
    "lon": 117.15,
    "region": "SE.ASIA",
    "basin": "PACIFIC"
  },
  {
    "id": "muara",
    "name": "Muara (Brunei)",
    "country": "Brunei",
    "lat": 5.017,
    "lon": 115.067,
    "region": "SE.ASIA",
    "basin": "PACIFIC"
  },
  {
    "id": "bangkok",
    "name": "Bangkok",
    "country": "Thailand",
    "lat": 13.567,
    "lon": 100.567,
    "region": "SE.ASIA",
    "basin": "PACIFIC"
  },
  {
    "id": "laem_chabang",
    "name": "Laem Chabang",
    "country": "Thailand",
    "lat": 13.083,
    "lon": 100.883,
    "region": "SE.ASIA",
    "basin": "PACIFIC"
  },
  {
    "id": "ho_chi_minh",
    "name": "Ho Chi Minh City",
    "country": "Vietnam",
    "lat": 10.783,
    "lon": 106.7,
    "region": "SE.ASIA",
    "basin": "PACIFIC"
  },
  {
    "id": "haiphong",
    "name": "Haiphong",
    "country": "Vietnam",
    "lat": 20.867,
    "lon": 106.683,
    "region": "SE.ASIA",
    "basin": "PACIFIC"
  },
  {
    "id": "manila",
    "name": "Manila",
    "country": "Philippines",
    "lat": 14.583,
    "lon": 120.967,
    "region": "SE.ASIA",
    "basin": "PACIFIC"
  },
  {
    "id": "cebu",
    "name": "Cebu",
    "country": "Philippines",
    "lat": 10.317,
    "lon": 123.9,
    "region": "SE.ASIA",
    "basin": "PACIFIC"
  },
  {
    "id": "shanghai",
    "name": "Shanghai",
    "country": "China",
    "lat": 31.233,
    "lon": 121.5,
    "region": "CHINA",
    "basin": "PACIFIC"
  },
  {
    "id": "ningbo",
    "name": "Ningbo",
    "country": "China",
    "lat": 29.867,
    "lon": 121.55,
    "region": "CHINA",
    "basin": "PACIFIC"
  },
  {
    "id": "qingdao",
    "name": "Qingdao",
    "country": "China",
    "lat": 36.067,
    "lon": 120.383,
    "region": "CHINA",
    "basin": "PACIFIC"
  },
  {
    "id": "tianjin",
    "name": "Tianjin (Xingang)",
    "country": "China",
    "lat": 38.983,
    "lon": 117.717,
    "region": "CHINA",
    "basin": "PACIFIC"
  },
  {
    "id": "rizhao",
    "name": "Rizhao",
    "country": "China",
    "lat": 35.383,
    "lon": 119.467,
    "region": "CHINA",
    "basin": "PACIFIC"
  },
  {
    "id": "lianyungang",
    "name": "Lianyungang",
    "country": "China",
    "lat": 34.767,
    "lon": 119.433,
    "region": "CHINA",
    "basin": "PACIFIC"
  },
  {
    "id": "zhoushan",
    "name": "Zhoushan",
    "country": "China",
    "lat": 30.017,
    "lon": 122.083,
    "region": "CHINA",
    "basin": "PACIFIC"
  },
  {
    "id": "guangzhou",
    "name": "Guangzhou (Nansha)",
    "country": "China",
    "lat": 22.733,
    "lon": 113.567,
    "region": "CHINA",
    "basin": "PACIFIC"
  },
  {
    "id": "shenzhen",
    "name": "Shenzhen (Yantian)",
    "country": "China",
    "lat": 22.567,
    "lon": 114.267,
    "region": "CHINA",
    "basin": "PACIFIC"
  },
  {
    "id": "zhanjiang",
    "name": "Zhanjiang",
    "country": "China",
    "lat": 21.183,
    "lon": 110.4,
    "region": "CHINA",
    "basin": "PACIFIC"
  },
  {
    "id": "hong_kong",
    "name": "Hong Kong",
    "country": "Hong Kong",
    "lat": 22.283,
    "lon": 114.167,
    "region": "CHINA",
    "basin": "PACIFIC"
  },
  {
    "id": "fuzhou",
    "name": "Fuzhou",
    "country": "China",
    "lat": 26.083,
    "lon": 119.317,
    "region": "CHINA",
    "basin": "PACIFIC"
  },
  {
    "id": "xiamen",
    "name": "Xiamen",
    "country": "China",
    "lat": 24.45,
    "lon": 118.083,
    "region": "CHINA",
    "basin": "PACIFIC"
  },
  {
    "id": "caofeidian",
    "name": "Caofeidian",
    "country": "China",
    "lat": 39.483,
    "lon": 118.967,
    "region": "CHINA",
    "basin": "PACIFIC"
  },
  {
    "id": "dalian",
    "name": "Dalian",
    "country": "China",
    "lat": 38.917,
    "lon": 121.65,
    "region": "CHINA",
    "basin": "PACIFIC"
  },
  {
    "id": "busan",
    "name": "Busan",
    "country": "South Korea",
    "lat": 35.1,
    "lon": 129.05,
    "region": "N.ASIA",
    "basin": "PACIFIC"
  },
  {
    "id": "gwangyang",
    "name": "Gwangyang",
    "country": "South Korea",
    "lat": 34.933,
    "lon": 127.7,
    "region": "N.ASIA",
    "basin": "PACIFIC"
  },
  {
    "id": "incheon",
    "name": "Incheon",
    "country": "South Korea",
    "lat": 37.467,
    "lon": 126.617,
    "region": "N.ASIA",
    "basin": "PACIFIC"
  },
  {
    "id": "pohang",
    "name": "Pohang",
    "country": "South Korea",
    "lat": 36.017,
    "lon": 129.367,
    "region": "N.ASIA",
    "basin": "PACIFIC"
  },
  {
    "id": "tokyo",
    "name": "Tokyo",
    "country": "Japan",
    "lat": 35.617,
    "lon": 139.767,
    "region": "N.ASIA",
    "basin": "PACIFIC"
  },
  {
    "id": "yokohama",
    "name": "Yokohama",
    "country": "Japan",
    "lat": 35.45,
    "lon": 139.65,
    "region": "N.ASIA",
    "basin": "PACIFIC"
  },
  {
    "id": "nagoya",
    "name": "Nagoya",
    "country": "Japan",
    "lat": 35.05,
    "lon": 136.883,
    "region": "N.ASIA",
    "basin": "PACIFIC"
  },
  {
    "id": "osaka",
    "name": "Osaka / Kobe",
    "country": "Japan",
    "lat": 34.683,
    "lon": 135.483,
    "region": "N.ASIA",
    "basin": "PACIFIC"
  },
  {
    "id": "fukuyama",
    "name": "Fukuyama",
    "country": "Japan",
    "lat": 34.45,
    "lon": 133.367,
    "region": "N.ASIA",
    "basin": "PACIFIC"
  },
  {
    "id": "kashima",
    "name": "Kashima",
    "country": "Japan",
    "lat": 35.967,
    "lon": 140.65,
    "region": "N.ASIA",
    "basin": "PACIFIC"
  },
  {
    "id": "kitakyushu",
    "name": "Kitakyushu",
    "country": "Japan",
    "lat": 33.9,
    "lon": 130.817,
    "region": "N.ASIA",
    "basin": "PACIFIC"
  },
  {
    "id": "taiwan_kh",
    "name": "Kaohsiung",
    "country": "Taiwan",
    "lat": 22.617,
    "lon": 120.267,
    "region": "N.ASIA",
    "basin": "PACIFIC"
  },
  {
    "id": "port_hedland",
    "name": "Port Hedland",
    "country": "Australia",
    "lat": -20.317,
    "lon": 118.583,
    "region": "AUSTRALIA",
    "basin": "PACIFIC"
  },
  {
    "id": "dampier",
    "name": "Dampier",
    "country": "Australia",
    "lat": -20.65,
    "lon": 116.717,
    "region": "AUSTRALIA",
    "basin": "PACIFIC"
  },
  {
    "id": "cape_lambert",
    "name": "Cape Lambert",
    "country": "Australia",
    "lat": -20.6,
    "lon": 117.183,
    "region": "AUSTRALIA",
    "basin": "PACIFIC"
  },
  {
    "id": "hay_point",
    "name": "Hay Point",
    "country": "Australia",
    "lat": -21.267,
    "lon": 149.3,
    "region": "AUSTRALIA",
    "basin": "PACIFIC"
  },
  {
    "id": "abbot_point",
    "name": "Abbot Point",
    "country": "Australia",
    "lat": -19.883,
    "lon": 148.083,
    "region": "AUSTRALIA",
    "basin": "PACIFIC"
  },
  {
    "id": "gladstone",
    "name": "Gladstone",
    "country": "Australia",
    "lat": -23.833,
    "lon": 151.25,
    "region": "AUSTRALIA",
    "basin": "PACIFIC"
  },
  {
    "id": "newcastle_au",
    "name": "Newcastle (Australia)",
    "country": "Australia",
    "lat": -32.917,
    "lon": 151.783,
    "region": "AUSTRALIA",
    "basin": "PACIFIC"
  },
  {
    "id": "brisbane",
    "name": "Brisbane",
    "country": "Australia",
    "lat": -27.367,
    "lon": 153.167,
    "region": "AUSTRALIA",
    "basin": "PACIFIC"
  },
  {
    "id": "melbourne",
    "name": "Melbourne",
    "country": "Australia",
    "lat": -37.817,
    "lon": 144.917,
    "region": "AUSTRALIA",
    "basin": "PACIFIC"
  },
  {
    "id": "fremantle",
    "name": "Fremantle (Perth)",
    "country": "Australia",
    "lat": -32.05,
    "lon": 115.75,
    "region": "AUSTRALIA",
    "basin": "PACIFIC"
  },
  {
    "id": "adelaide",
    "name": "Adelaide",
    "country": "Australia",
    "lat": -34.933,
    "lon": 138.467,
    "region": "AUSTRALIA",
    "basin": "PACIFIC"
  },
  {
    "id": "geraldton",
    "name": "Geraldton",
    "country": "Australia",
    "lat": -28.783,
    "lon": 114.617,
    "region": "AUSTRALIA",
    "basin": "PACIFIC"
  },
  {
    "id": "esperance",
    "name": "Esperance",
    "country": "Australia",
    "lat": -33.867,
    "lon": 121.9,
    "region": "AUSTRALIA",
    "basin": "PACIFIC"
  },
  {
    "id": "kwinana",
    "name": "Kwinana",
    "country": "Australia",
    "lat": -32.233,
    "lon": 115.783,
    "region": "AUSTRALIA",
    "basin": "PACIFIC"
  },
  {
    "id": "townsville",
    "name": "Townsville",
    "country": "Australia",
    "lat": -19.267,
    "lon": 146.817,
    "region": "AUSTRALIA",
    "basin": "PACIFIC"
  },
  {
    "id": "port_kembla",
    "name": "Port Kembla",
    "country": "Australia",
    "lat": -34.483,
    "lon": 150.9,
    "region": "AUSTRALIA",
    "basin": "PACIFIC"
  }
]